"subdiv_name","Subdistrict_MapID","X","MU","comp_outage_duration","part_outage_duration","comp_outage_freq","part_outage_freq","ENS_complete","ENS_partial","RNS_complete","RNS_partial","District","subdiv_name2","num_of_households","population_persons","population_males","population_females","growth_rate_2001_2011","sex_ratio_2001","sex_ratio_2011","child_pop_age0to6","child_pop_age0to6_males","child_pop_age0to6_females","percent_child_to_totalpop","child_sex_ratio_2001","child_sex_ratio_2011","scheduled_castes_pop_2011","scheduled_castes_pop_2011_males","scheduled_castes_pop_2011_females","percent_scheduled_caste_to_totalpop","literates","literates_males","literates_females","literacy_rate","literacy_rate_males","literacy_rate_females","total_workers","total_workers_males","total_workers_females","main_workers_person","main_workers_males","main_workers_females","percent_mainworkers_to_totalpop","marginal_workers","marginal_workers_males","marginal_workers_females","percent_marginal_workers_to_totalpop","cultivator_persons","cultivator_males","cultivator_females","agricultural_labourers","agricultural_males","agricultural_females","household_industry_workers","household_industry_workers_males","household_industry_workers_females","other_workers","other_workers_males","other_females_females","nonworkers","nonworkers_males","nonworkers_females","percent_nonworkers_to_total_pop","total_var2","good_HH","livable_HH","dilapidated_HH","percent_HH_residence","good_residence","livable_residence","dilapidated_residence","percent_HH_other","good_other","livable_other","dilapidated_other","roof_grass_thatch_etc","roof_plastic_polythene","roof_handmade_tiles","roof_machinemade_tiles","roof_burnt_brick","roof_stone_slate","roof_GI_metal_asbestos","roof_concrete","roof_other","wall_grass_thatch_bamboo","wall_plastic_polythene","wall_mud_unburnt_brick","wall_wood","wall_stone_no_mortar","wall_stone_with_mortar","wall_GI_metal_asbestos","wall_burnt_brick","wall_concrete","wall_other","floor_mud","floor_wood_bamboo","floor_burnt_brick","floor_stone","floor_cement","floor_mosaic_tiles","floor_other","room_no_exclusive","room_one","room_two","room_three","room_four","room_five","room_six","HH_size_1","HH_size_2","HH_size_3","HH_size_4","HH_size_5","HH_size_6.8","HH_size_9.","status_owned","status_rented","status_others","married_couple_none","married_couple_1","married_couple_2","married_couple_3","married_couple_4","married_couple_5.","drinking_water_treated","drinking_water_untreated","drinking_water_covered_well","drinking_water_uncovered_well","drinking_water_handpump","drinking_water_tubewell_borehold","drinking_water_spring","drinking_water_river_canal","drinking_water_tank_pond_lake","drinking_water_other","location_drinking_water_within_premises","location_drinking_water_near_premises","location_drinking_water_away","lighting_source_electricity","lighting_source_kerosene","lighting_source_solar","lighting_source_other_oil","lighting_source_other","lighting_none","HH_with_latrine_within_premises","flush_latrine_piped_sewer","flush_latrine_septic","flush_latrine_other","pit_latrine_with_slab","pit_latrine_no_slab","night_soil_into_open_drain","night_soil_removed_by_human","night_soil_removed_by_animal","HH_no_latrine_within_premises","public_latrine","open_latrine","bathroom_yes","bathroom_no_roof","bathroom_none","waste_water_closed_drainage","waste_water_open_drainage","waste_water_no_drainage","cooking_fuel_firewood","cooking_fuel_crop_residue","cooking_fuel_cowdung","cooking_fuel_coal_lignite_charcoal","cooking_fuel_kerosene","cooking_fuel_LPG_PNG","cooking_fuel_electricity","cooking_fuel_biogas","cooking_fuel_other","cooking_fuel_none","total_var3","kitchen_cooking_inside_house","kitchen_inside_has","kitchen_inside_does_not_have","kitchen_cooking_outside_house","kitchen_outside_has","kitchen_outside_does_not_have","kitchen_no_cooking","HH_avail_banking_services","assets_radio_transistor","assets_television","assets_computer_laptop_with_internet","assets_computer_laptop_without_internet","assets_telephone_landline_only","assets_telephone_mobile_only","assets_telephone_both_landline_mobile","assets_bicycle","assets_scooter_motorcycle_moped","assets_car_jeep_van","assets_HH_with_TV_computer.laptop_phone_mobile_scooter.car","assets_none","structure_permanent","structure_semi_permanent","structure_total_temporary","structure_serviceable","structure_non_serviceable","structure_unclassifiable","percap_kwh_usage","perHH_kwh_usage","log_percap_kwh_usage","rooms_3plus","log_perHH_kwh_usage","log_comp_outage_duration","log_part_outage_duration","log_comp_outage_freq","log_part_outage_freq","log_ENS_complete","log_ENS_partial","log_RNS_complete","log_RNS_partial","subdivID","id","name","percap_kwh_usage2","X.Intercept.","subdistrictsCivil.Lines","subdistrictsConnaught.Place","subdistrictsDaryaganj","subdistrictsDefence.Colony","subdistrictsDelhi.Cantonment","subdistrictsGandhi.Nagar","subdistrictsHauz.Khas","subdistrictsKalkaji","subdistrictsKarol.Bagh","subdistrictsKotwali","subdistrictsModel.Town","subdistrictsNajafgarh","subdistrictsNarela","subdistrictsPaharganj","subdistrictsParliament.Street","subdistrictsPatel.Nagar","subdistrictsPreet.Vihar","subdistrictsPunjabi.Bagh","subdistrictsRajouri.Garden","subdistrictsSadar.Bazaar","subdistrictsSaraswati.Vihar","subdistrictsSeelampur","subdistrictsSeemapuri","subdistrictsShahdara","subdistrictsVasant.Vihar","subdistrictsVivek.Vihar","subdistrictsCivilLines","subdistrictsConnaughtPlace","subdistrictsDaryaganj.1","subdistrictsDefenceColony","subdistrictsDelhiCantonment","subdistrictsGandhiNagar","subdistrictsHauzKhas","subdistrictsKalkaji.1","subdistrictsKarolBagh","subdistrictsKotwali.1","subdistrictsModelTown","subdistrictsNajafgarh.1","subdistrictsNarela.1","subdistrictsPaharganj.1","subdistrictsParliamentStreet","subdistrictsPatelNagar","subdistrictsPreetVihar","subdistrictsPunjabiBagh","subdistrictsRajouriGarden","subdistrictsSadarBazaar","subdistrictsSaraswatiVihar","subdistrictsSeelampur.1","subdistrictsSeemapuri.1","subdistrictsShahdara.1","subdistrictsVasantVihar","subdistrictsVivekVihar","NA.","part_outage_freq2"
"Chanakyapuri","p18",1,369.8064363,126.754761,240.0002368,0.610866318,2.670588317,0.1494942597,0.302065946,0.0002199601241,0.0003842603675,"New Delhi","Chanakya Puri",15074,61382,34005,27377,-18.1507854,796.3064984,805.0874871,5992,3165,2827,9.761819426,898.2737361,893.206951,15095,8281,6814,24.59189991,48178,28101,20077,86.97959921,91.11867704,81.78004073,25830,20708,5122,24230,19690,4540,39.47411293,1600,1018,582,2.60662735,46,35,11,118,78,40,315,195,120,25351,20400,4951,35552,13297,22255,57.91925972,100,55.8,39.7,4.5,97.8,55.3,38,4.4,2.2,0.4,1.7,0.1,8.9,9.1,0.2,0.1,3.3,6.5,10.5,61.3,0.1,0.7,0.5,15.4,1.9,2,2.4,0.1,68.6,8.1,0.4,7.3,0.1,4.1,4.8,66.2,16.4,1.1,3.4,54.3,24.5,7.6,5.3,2.6,2.4,10.7,9.9,14.3,25.7,17.5,18.8,3,14.5,36.9,48.6,21.5,68.7,8.2,1.5,0.2,0,86.3,6.7,0,0,2.8,1.8,0,0,2,0.3,69.8,16.9,13.3,98.2,1.6,0,0,0.2,0,69,68.2,0.4,0,0.3,0.1,0,0,0,31,28,2.9,75.4,10.5,14.1,75.4,18.3,6.3,6.5,0.2,0.1,0,9.4,81.9,0.7,0.1,0.1,1.1,100,95.2,70.1,25.1,3.7,0.2,3.5,1.1,78.9,31.5,81.4,19.2,12.4,5.7,65.2,16.6,38.2,27.4,19.9,23.2,5.5,78.5,5.8,15.2,14.2,1,0.5,6024.672319,24532.73426,8.70361837,17.8,10.1077636,4.842254204,5.48063991,-0.4928771359,0.9822987915,-1.900497284,-1.197109921,-8.422064282,-7.864190195,18,"p18","Chanakyapuri",6025,1,0,0,0,0,0,0,0,0,0,0,0,0,0,0,0,0,0,0,0,0,0,0,0,0,0,0,1,0,0,0,0,0,0,0,0,0,0,0,0,0,0,0,0,0,0,0,0,0,0,0,0,0,0,3
"Civil Lines","p6",2,990.1376666,316.9676087,2360.614876,4.101923366,26.96538345,0.5131131389,2.771064379,0.0006198032652,0.003213327327,"North","Civil Lines",139116,688616,367522,321094,30.79722532,836.055283,873.6728686,81395,43583,37812,11.8200855,868.7627984,867.5859854,129391,67996,61395,18.79000778,532415,299128,233287,87.68059734,92.34084195,82.35150839,225926,194192,31734,216529,187767,28762,31.44408495,9397,6425,2972,1.364621211,2058,1617,441,1378,1035,343,6785,5718,1067,215705,185822,29883,462690,173330,289360,67.19129384,100,62.1,34.9,3,95.5,59.6,33.1,2.9,4.5,2.5,1.8,0.1,0.7,0.5,0.6,0.6,5.2,31.4,5.4,55.5,0.1,0.1,0.1,1.8,0.1,1.6,4.2,0.2,87.9,3.8,0.2,1.5,0,2.7,12.3,74,9.4,0.1,1.4,32,35.3,16.9,8.6,2.8,3,3.8,6.7,11.7,23.8,22,26.3,5.8,69.5,26.3,4.3,12.2,69.8,14,3.3,0.6,0.1,72.9,5.2,0.1,0.1,8,1.2,0,0,3.7,8.8,70.3,21.4,8.3,99.1,0.7,0,0,0.1,0.1,90.3,49.9,37.7,0.6,1.7,0,0.4,0,0,9.7,7,2.7,87.6,4.1,8.4,60.3,34.6,5.1,2.3,0.5,0.5,0.1,4.2,91.8,0,0.1,0,0.5,100,98.5,81.5,17,1.1,0.4,0.7,0.5,81,29.5,89.5,12.3,11.2,4.3,74.4,12.7,29.5,37.2,15.4,17.4,2.3,97.1,2,0.6,0.4,0.2,0.3,1437.866193,7117.352904,7.270915483,31.3,8.870291152,5.758799588,7.766677405,1.411455977,3.294553949,-0.6672589145,1.019231499,-7.386108445,-5.740448328,6,"p6","Civil Lines",1438,1,1,0,0,0,0,0,0,0,0,0,0,0,0,0,0,0,0,0,0,0,0,0,0,0,0,0,1,1,0,0,0,0,0,0,0,0,0,0,0,0,0,0,0,0,0,0,0,0,0,0,0,0,0,27
"Connaught Place","p16",3,109.0097475,56.98940743,95.04631904,0.2746477466,0.8981493687,0.0672131698,0.1167362659,9.89e-05,0.0001563837814,"New Delhi","Connaught Place",6814,28228,15208,13020,-37.25158938,754.1821018,856.1283535,2374,1228,1146,8.410089273,926.1308168,933.2247557,5534,2928,2606,19.60464787,22969,12899,10070,88.84118512,92.26752504,84.80714165,12714,9425,3289,12056,9003,3053,42.70936659,658,422,236,2.331018847,35,17,18,61,47,14,448,300,148,12170,9061,3109,15514,5783,9731,54.95961457,100,76.1,22.6,1.3,97.7,74.9,21.7,1.1,2.3,1.3,0.9,0.2,1.7,2.8,0.3,0.5,1.1,11.4,9.1,73.1,0,0.2,0.3,0.5,0.3,1.1,3.5,0.7,87.4,5.8,0.1,1.6,0.3,2.1,4.6,61.3,30,0.1,1,45.1,23,11.4,10.8,5.8,2.8,7.3,10.1,14.9,26.2,18.6,19,3.9,17.6,63.5,18.9,18,69.3,10.7,1.6,0.3,0,93.5,3.5,0,0,1.7,1.1,0,0,0,0.2,81.8,14.8,3.4,99.2,0.5,0,0,0.3,0,78.2,77.8,0.2,0.2,0,0,0,0,0,21.8,18.7,3.1,83.5,6,10.6,89.8,8,2.1,1.8,0.3,0.2,0.1,5,92.1,0.2,0,0,0.4,100,98.1,86.8,11.3,1.5,0.3,1.2,0.4,90.8,43.4,88.6,35.1,11,10.4,59.6,25.2,34.7,31.5,34.4,36.7,1.9,95,4,0.9,0.6,0.3,0.1,3861.759513,15997.90836,8.258878191,30.9,9.680213265,4.042865416,4.554364342,-1.292265924,-0.1074188896,-2.699886072,-2.147838026,-9.22145307,-8.763197435,16,"p16","Connaught Place",3862,1,0,1,0,0,0,0,0,0,0,0,0,0,0,0,0,0,0,0,0,0,0,0,0,0,0,0,1,0,1,0,0,0,0,0,0,0,0,0,0,0,0,0,0,0,0,0,0,0,0,0,0,0,0,1
"Daryaganj","p12",4,132.6338572,5.020303909,23.17857823,0.05850164891,0.3171568217,0.005560706494,0.0186076602,9.71e-06,3.35e-05,"Central","Darya Ganj",53125,271108,143293,127815,-12.07127498,853.5616167,891.9835582,30709,15773,14936,11.32722015,932.3099686,946.9346351,30211,15769,14442,11.14352952,198753,107129,91624,82.67630065,84.00956713,81.1701025,93360,82653,10707,88525,79318,9207,32.65303864,4835,3335,1500,1.783422105,433,274,159,343,259,84,4940,4184,756,87644,77936,9708,177748,60640,117108,65.56353925,100,51.9,43.3,4.8,97.1,50.5,42,4.7,2.9,1.5,1.3,0.1,2.4,2,0.4,0.9,8,50,3.9,32.1,0.2,0.5,0.3,3.1,1.4,2,7.1,0.6,78.7,6.3,0.1,2.6,0.1,3.2,9.1,75.7,9.1,0.2,1.3,49.3,31.1,11.4,4.1,1.2,1.5,3.4,7.1,11.8,20.5,19.6,28.4,9.1,66.8,28.1,5.1,14.1,69.8,12,3.1,0.7,0.3,89.7,3.6,0,0,1.6,4.9,0,0,0,0.2,89.4,10,0.6,98.6,1.1,0.1,0,0.1,0,88.7,87.2,1.1,0.2,0.1,0,0,0,0,11.3,10.5,0.9,86.9,2.9,10.3,91.1,7.2,1.7,3.2,0.1,0.1,0.1,11.8,83.8,0.3,0,0.1,0.4,100,97.8,81.3,16.5,1.8,0.5,1.3,0.4,65.9,27.9,87,9.3,8.5,5,74.5,10.2,12.5,29.4,8.5,11.2,3.5,93.4,2.8,3.4,2.7,0.7,0.4,489.2288578,2496.637312,6.192830392,18.3,7.82270003,1.613490471,3.1432285,-2.838700339,-1.148358922,-5.192030111,-3.984181944,-11.54239955,-10.30458005,12,"p12","Daryaganj",489,1,0,0,1,0,0,0,0,0,0,0,0,0,0,0,0,0,0,0,0,0,0,0,0,0,0,0,1,0,0,1,0,0,0,0,0,0,0,0,0,0,0,0,0,0,0,0,0,0,0,0,0,0,0,0
"Defence Colony","p19",5,626.1488312,806.3325433,1364.568778,4.132001711,12.91294526,0.9559840131,1.588626028,0.001398633353,0.002237455143,"South","Defence Colony",137677,637775,339725,298050,4.540254001,814.8489698,877.32725,66230,34886,31344,10.38454,885.0192379,898.4693,68480,35958,32522,10.737329,508758,280938,227820,89.01451329,92.15946778,85.41990056,232196,185243,46953,217951,175385,42566,34.17365058,14245,9858,4387,2.233546313,636,494,142,1236,999,237,7036,5987,1049,223288,177763,45525,405579,154482,251097,63.5928031,100,75.5,20.9,3.6,97.3,73.8,20,3.5,2.7,1.7,0.9,0.1,0.9,1,0.2,0.4,4.5,7.7,7,78.2,0.1,0.4,0.2,2.9,0.2,0.6,3.4,0.2,84.7,7.3,0.2,1.9,0.1,1.7,15.2,52.6,28.2,0.5,0.8,26.1,29.5,26.1,10.5,2.9,4.2,4.5,9.1,14.3,24.9,18.7,23.3,5.3,60.9,33.5,5.6,14.8,68.8,13,2.8,0.5,0.1,82.7,4.9,0.2,0,1.9,7.8,0,0,0,2.4,84.9,10.7,4.4,99.5,0.4,0,0,0,0,91.3,83.3,7.1,0.4,0.2,0.1,0.1,0,0,8.7,5.5,3.2,90.3,1.8,7.9,87.5,10.9,1.7,2.3,0.1,0.2,0.1,5,91.4,0,0.4,0,0.4,100,98.4,85.9,12.5,1.2,0.3,0.9,0.4,88.1,47.4,89.8,32.9,14.9,7.5,59.8,27.5,22.5,42,35.4,38.7,2,95.5,2.9,1.3,0.8,0.6,0.2,981.770736,4547.955223,6.889357815,43.6,8.422433009,6.692496242,7.218593744,1.418761965,2.558230317,-0.04501408875,0.4628695091,-6.572259695,-6.102416156,19,"p19","Defence Colony",982,1,0,0,0,1,0,0,0,0,0,0,0,0,0,0,0,0,0,0,0,0,0,0,0,0,0,0,1,0,0,0,1,0,0,0,0,0,0,0,0,0,0,0,0,0,0,0,0,0,0,0,0,0,0,13
"Delhi Cantonment","p23",6,940.6046129,665.3887692,1134.873457,2.932929503,13.40352127,0.8356957167,1.247352695,0.00132891689,0.001812303241,"South West","Delhi Cantonment",63974,286140,160494,125646,-6.88517335,692.9340341,782.8703877,31252,16874,14378,10.92192633,838.3266602,852.0801233,53894,29216,24678,18.83483609,223321,131775,91546,87.61534478,91.75254143,82.27522738,110721,93096,17625,101265,86393,14872,35.39001887,9456,6703,2753,3.304676033,375,286,89,493,401,92,2257,1697,560,107596,90712,16884,175419,67398,108021,61.3053051,100,56.5,38,5.6,95.8,54.2,36.5,5.1,4.2,2.3,1.4,0.5,2.9,3.3,0.4,0.8,5.5,14.6,14.1,58,0.5,0.3,2.1,6.2,0.7,1.5,3.9,0.8,78.8,5.7,0.1,7,0.2,3.3,11.3,62.4,15.2,0.6,2.1,42.5,24.2,15.8,8.2,3.1,4.1,6.7,10.2,13.9,23.8,19.5,21.6,4.3,53.2,33.5,13.2,19.3,65.5,11.9,2.7,0.5,0.1,77.7,14,0,0,0.7,5.5,0,0,0.3,1.7,74.1,17.5,8.4,95.4,3.8,0.1,0,0.6,0.1,74.7,72.7,0.4,0.9,0.3,0.1,0.3,0,0,25.3,15.2,10.1,75.2,5.5,19.2,74.2,18.8,7,4.8,0.2,0.1,0.1,12.4,81.8,0,0,0,0.4,100,96.5,63.6,32.9,3.1,0.4,2.7,0.4,76.1,31.8,79.4,19,10,5.5,62,18.2,27.9,29.3,21.3,22.9,6.9,88.7,6,4.7,2.6,2.1,0.5,3287.21819,14702.92014,8.097796951,31.2,9.595801402,6.500371485,7.034276432,1.076001754,2.595517454,-0.1794907074,0.2210234612,-6.623391037,-6.313156734,23,"p23","Delhi Cantonment",3287,1,0,0,0,0,1,0,0,0,0,0,0,0,0,0,0,0,0,0,0,0,0,0,0,0,0,0,1,0,0,0,0,1,0,0,0,0,0,0,0,0,0,0,0,0,0,0,0,0,0,0,0,0,0,13
"Gandhi Nagar","p15",7,167.2319906,47.98149187,323.30212,0.5817201303,4.52704285,0.05290917363,0.339645275,9.35e-05,0.0004315868343,"East","Gandhi Nagar",80389,395342,208645,186697,7.1564676,847.4939533,894.8069688,43344,23361,19983,10.96367196,845.8416325,855.4000257,37461,19743,17718,9.475593284,318578,172557,146021,90.50562787,93.13108525,87.58772509,131210,114595,16615,127237,111911,15326,32.18403307,3973,2684,1289,1.004952674,232,180,52,833,644,189,6364,5650,714,123781,108121,15660,264132,94050,170082,66.81101426,100,72.2,25.4,2.4,92.7,67.4,23,2.3,7.3,4.8,2.4,0.1,1.2,1.1,0.1,0.2,3.5,8.9,2.6,82.3,0.1,1.1,0.1,0.9,0.6,1.1,3.6,1.1,85.4,6.1,0.1,2.2,0.1,2.4,20.1,56.1,18.7,0.4,0.8,28.4,31.8,20.3,10.7,3.5,4.6,3.6,6.8,13.1,25.9,20.2,24.3,6,72.8,22.7,4.5,11.9,68.1,15.3,3.8,0.7,0.1,92.5,2.8,0,0,2.3,1.9,0,0,0.1,0.3,90.6,8.2,1.1,99.3,0.4,0,0,0.2,0,95.3,71.2,5,3.8,0.2,0.9,14.1,0.2,0,4.7,3.1,1.6,92.3,3.3,4.5,51.6,46.2,2.1,2.9,0.3,0.1,0,3.9,92.4,0,0,0,0.3,100,98.3,87.2,11.1,1.4,0.4,1,0.3,81.8,38.9,90.6,15.5,15.1,5.1,69.2,19.1,28.9,57.1,21.3,25.6,2.3,96.4,1.8,1.5,0.6,1,0.2,423.00588,2080.284499,6.04738608,39,7.640259942,3.87081535,5.778587242,-0.5417658227,1.510068934,-2.939178541,-1.079853515,-9.278019803,-7.748041829,15,"p15","Gandhi Nagar",423,1,0,0,0,0,0,1,0,0,0,0,0,0,0,0,0,0,0,0,0,0,0,0,0,0,0,0,1,0,0,0,0,0,1,0,0,0,0,0,0,0,0,0,0,0,0,0,0,0,0,0,0,0,0,5
"Hauz Khas","p22",8,1942.624219,486.2229566,1185.003667,2.696937742,14.64513339,0.6202955128,1.815274031,0.0009138144343,0.00179423427,"South","Hauz Khas",254502,1231293,658380,572913,19.24547488,805.8868796,870.1859109,149983,79739,70244,12.180935,882.1726712,880.9240146,219813,115084,104729,17.85220902,939355,533893,405462,86.87194237,92.26670768,80.66182717,413366,346853,66513,390586,330625,59961,31.72161297,22780,16228,6552,1.850087672,1498,1187,311,2801,2243,558,11625,9664,1961,397442,333759,63683,817927,311527,506400,66.42829936,100,69.2,28.6,2.1,96.8,67.3,27.4,2,3.2,1.9,1.2,0.1,0.6,0.3,0.4,0.7,3.5,16.2,7.5,70.8,0.1,0.1,0.2,2.3,0.1,0.8,3.2,0.2,87.8,5.2,0.1,2.3,0.1,2.1,14.2,65.2,15.7,0.5,1.9,31.2,30.2,18.9,10.8,3.2,3.7,4.2,8.4,13.4,23.5,19.9,25.2,5.4,64.3,32.3,3.4,12.5,70.1,13.3,3.3,0.6,0.1,57.3,13.4,0.1,0,0.4,25.7,0,0,1.1,1.9,76.3,15.6,8.1,99.4,0.4,0,0,0.1,0.1,94.1,54,37,1,1.1,0.2,0.7,0,0,5.9,2.4,3.5,91.5,3.3,5.2,59.2,32.7,8.1,3.8,0.2,0.6,0.1,1.8,93.1,0,0.1,0,0.3,100,97.9,82.3,15.6,1.8,0.4,1.5,0.3,81.8,36.1,89.4,19.8,11.3,5.6,72.7,15.5,28.6,38.5,21.7,24.2,1.6,96.9,2.3,0.6,0.4,0.2,0.2,1577.710763,7633.041071,7.363730191,36.7,8.940241613,6.186667277,7.077501148,0.9921169597,2.684108089,-0.4775592809,0.5962364377,-6.997883033,-6.323176939,22,"p22","Hauz Khas",1578,1,0,0,0,0,0,0,1,0,0,0,0,0,0,0,0,0,0,0,0,0,0,0,0,0,0,0,1,0,0,0,0,0,0,1,0,0,0,0,0,0,0,0,0,0,0,0,0,0,0,0,0,0,0,15
"Kalkaji","p21",9,1577.446123,148.5943339,1556.413813,2.108934491,27.97510168,0.2072525839,2.080491106,0.0002550519539,0.002018878399,"South","Kalkaji",181954,862861,469323,393538,38.19551329,773.3599934,838.5227232,114830,60967,53863,13.30805309,897.4972562,883.4779471,134633,72157,62476,15.6030925,630289,370205,260084,84.25974325,90.65741657,76.56848458,278831,243496,35335,260549,229525,31024,30.19594118,18282,13971,4311,2.118765363,850,731,119,1871,1559,312,6420,5246,1174,269690,235960,33730,584030,225827,358203,67.68529346,100,56.6,40,3.4,96.2,54.6,38.3,3.3,3.8,2,1.6,0.1,1.4,1.2,0.4,0.9,2.9,24.4,10.9,57.8,0.1,0.3,0.4,4,0.1,1.2,3.3,0.1,86.4,4,0.1,2.7,0.1,2.4,7.7,76,10.8,0.3,1.2,42.6,29.8,14.3,7.7,2.1,2.3,4.7,8.6,13,22.6,20.5,25.9,4.6,64.4,32.8,2.8,13.1,71.8,11.9,2.6,0.5,0.1,47,11.9,0.1,0,19.2,18,0,0,1,2.7,69.3,23.2,7.5,98.8,1,0,0,0.1,0.1,76.9,37.2,36.4,0.9,1.8,0.1,0.5,0,0,23.1,16,7.1,75.2,9.2,15.6,40.5,57.1,2.4,3.8,0.4,0.4,0.4,6,88.3,0,0.1,0,0.4,100,98,64.8,33.2,1.6,0.3,1.3,0.4,71.4,26.8,81.5,11,10,3.9,76,9.5,29.1,30.9,11.9,14.4,3.8,94.1,3.9,1.8,1.1,0.6,0.2,1828.157864,8669.477575,7.511064107,26.4,9.067563811,5.001220002,7.350139616,0.7461828392,3.331314889,-1.573817018,0.7326039743,-8.274043293,-6.20521317,21,"p21","Kalkaji",1828,1,0,0,0,0,0,0,0,1,0,0,0,0,0,0,0,0,0,0,0,0,0,0,0,0,0,0,1,0,0,0,0,0,0,0,1,0,0,0,0,0,0,0,0,0,0,0,0,0,0,0,0,0,0,28
"Karol Bagh","p14",10,101.5521851,11.8017136,97.34722487,0.118017136,1.307046805,0.01410894861,0.09079303344,2.36e-05,0.0001307053103,"Central","Karol Bagh",30496,136599,71544,65055,-2.601819634,867.9559409,909.3005703,12834,6963,5871,9.395383568,869.1671964,843.171047,59352,30206,29146,43.44980564,112691,60602,52089,91.05239769,93.83874514,88.01196269,51608,41821,9787,49356,40441,8915,36.13203611,2252,1380,872,1.648621147,59,37,22,93,74,19,2782,2403,379,48674,39307,9367,84991,29723,55268,62.21934275,100,74.3,24.9,0.8,95.2,71.5,22.9,0.7,4.8,2.8,2,0,0.1,0.2,0.1,1.3,5.4,16.3,1.1,75.4,0,0,0,0.6,0.2,0.8,4.3,0.1,84.3,9.5,0.1,0.1,0,1.6,18.5,54,25.4,0.4,1,22.8,28.8,27.1,12.6,2.7,5,4.3,9.1,15.2,27.4,19.6,19.8,4.6,79.6,17.1,3.4,14.8,67.4,13.9,3.2,0.6,0.1,98.1,1.1,0,0,0,0.6,0,0,0,0.1,97.6,2.1,0.2,99.6,0.4,0,0,0,0,98.3,97.7,0.5,0,0,0,0,0,0,1.7,1.7,0.1,96.8,1,2.1,96.8,2.7,0.5,0.6,0.1,0,0,1.5,97.3,0,0,0,0.4,100,99.3,90.7,8.6,0.2,0.1,0.2,0.4,88.8,47.5,95.3,32.7,10.2,7.9,56.7,30.9,17.9,44.4,36.2,37.1,0.9,98.8,1,0.1,0,0,0.1,743.4328591,3330.016564,6.611278458,47.4,8.110732557,2.468244741,4.578284225,-2.136925445,0.2677702449,-4.26094603,-2.399172721,-10.65551674,-8.942565308,14,"p14","Karol Bagh",743,1,0,0,0,0,0,0,0,0,1,0,0,0,0,0,0,0,0,0,0,0,0,0,0,0,0,0,1,0,0,0,0,0,0,0,0,1,0,0,0,0,0,0,0,0,0,0,0,0,0,0,0,0,0,1
"Kotwali","p8",11,67.67908822,0.07723102281,0.4662465451,0.001144163301,0.006674285922,8.3e-05,0.0003518683538,1.56e-07,6.61e-07,"North","Kotwali",15352,69174,37643,31531,-43.34736532,772.2654436,837.6324948,6800,3619,3181,9.830283054,912.5810911,878.9720917,8380,4465,3915,12.11437823,54930,30313,24617,88.06554013,89.09299318,86.8324515,25567,22809,2758,24258,21866,2392,35.06808917,1309,943,366,1.892329488,51,34,17,74,60,14,1787,1559,228,23655,21156,2499,43607,14834,28773,63.03958135,100,52.3,43.5,4.2,95.6,50.3,41.4,4,4.4,2,2.2,0.2,0.7,0.9,0.3,0.6,6.8,54.9,2.2,33.5,0.2,0.3,0.5,0.7,0.3,0.7,9.2,0.2,82.1,5.9,0.1,0.5,0.1,1.5,14.2,68.1,15.6,0.1,1.7,37.2,32.1,14.8,7.5,3,3.8,4.1,7.7,12.5,22.1,20.1,25.6,7.9,57.8,37.6,4.6,14.8,65,15.2,4,0.7,0.3,92.5,2.7,0,0,2.4,2.3,0,0,0,0,93.7,4.9,1.5,99.2,0.4,0,0,0,0.4,92.9,91.4,1.4,0,0,0,0,0,0,7.1,6.6,0.5,91.6,2,6.4,94,4.8,1.1,1.1,0.1,0,0.1,4,94.2,0,0.1,0,0.4,100,98.6,89.2,9.4,1,0.2,0.8,0.4,80.8,41.5,91,18.7,10.4,7,64.3,23,15.4,33,15.7,19.3,2.1,97.2,1.7,0.8,0.2,0.7,0.3,978.389109,4408.486726,6.885907453,29,8.391286764,-2.560954053,-0.763040718,-6.773081651,-5.009493058,-9.3969056,-7.952253447,-15.67039647,-14.22989644,8,"p8","Kotwali",978,1,0,0,0,0,0,0,0,0,0,1,0,0,0,0,0,0,0,0,0,0,0,0,0,0,0,0,1,0,0,0,0,0,0,0,0,0,1,0,0,0,0,0,0,0,0,0,0,0,0,0,0,0,0,0
"Model Town","p2",12,275.1031935,73.54908513,679.3410179,1.115287527,8.345804141,0.13570291,0.7857781361,0.0001429573014,0.000867446337,"North West","Model Town",121110,595810,319197,276613,6.943492136,810.8790691,866.5902248,69702,37368,32334,11.69869589,880.4448136,865.285806,107349,57436,49913,18.01732096,441557,249068,192489,83.92896516,88.37557526,78.79883248,201062,172343,28719,194028,167471,26557,32.56541515,7034,4872,2162,1.180577701,306,222,84,741,583,158,5627,4804,823,194388,166734,27654,394748,146854,247894,66.25400715,100,58.7,38.5,2.8,96.9,57,37.2,2.7,3.1,1.7,1.3,0.1,2,0.9,0.2,0.5,4.2,24.2,3.9,64,0.1,0.3,0.2,2.2,0.1,1.1,4.1,0.2,87,4.9,0.1,1.2,0.1,3.2,19.6,64.7,10.9,0.3,1.7,37.9,27.5,18.1,9,2.2,3.6,4,7.5,12.3,22.7,20.2,27,6.3,72.1,23.9,4.1,13.4,67.7,14.7,3.5,0.6,0.1,88.2,3.9,0,0,3.6,0.6,0,0,1.3,2.5,75.7,21.8,2.5,98.9,0.9,0,0,0,0.1,76.8,68,6.3,1,1,0.1,0.4,0,0,23.2,19,4.2,76.6,4.9,18.5,64.2,33.2,2.6,4.4,0.2,0.7,0.1,12.3,81.9,0,0,0,0.3,100,97.9,69.4,28.5,1.8,0.3,1.4,0.3,73.4,30.4,86.3,16.8,9.6,4.9,62.2,18,23.1,32.7,21.7,21.5,4.3,95.3,3.4,1.2,0.7,0.5,0.2,461.7297352,2271.515098,6.134979731,32.9,7.728202332,4.297953008,6.521123237,0.1091122438,2.121758914,-1.997287268,-0.241080796,-8.852964564,-7.049956907,2,"p2","Model Town",462,1,0,0,0,0,0,0,0,0,0,0,1,0,0,0,0,0,0,0,0,0,0,0,0,0,0,0,1,0,0,0,0,0,0,0,0,0,0,1,0,0,0,0,0,0,0,0,0,0,0,0,0,0,0,8
"Najafgarh","p25",13,2775.11395,2092.615109,4014.221133,4.82864756,45.52748741,2.71078355,6.09029665,0.003624504278,0.00556163158,"South West","Najafgarh",278874,1365152,729396,635756,49.76982995,810.1731133,871.619806,166805,91067,75738,12.21878589,841.1117075,831.6733833,171602,90605,80997,12.57017534,1059714,598601,461113,88.43131414,93.77625018,82.33896053,432255,370426,61829,409644,354667,54977,30.00720799,22611,15759,6852,1.656299079,8359,7079,1280,5068,4022,1046,11442,9053,2389,407386,350272,57114,932897,358970,573927,68.33649293,100,73.9,24.3,1.8,95.7,71,22.9,1.7,4.3,2.9,1.4,0.1,0.3,0.2,0.2,0.5,3.1,21.3,4.2,70,0.2,0,0.1,1.4,0,1.1,3.3,0.1,86.1,7.8,0.1,1.8,0,2.6,15.9,60.3,18.5,0.9,1,24,29,22.8,14.8,4.4,3.9,2.9,6.6,13.1,26.6,21,24.1,5.7,68.9,28.9,2.2,9.5,70.1,15.5,4.1,0.7,0.1,64.7,6.1,0.1,0,2.3,17.4,0,0,2.1,7.4,81.2,12.2,6.6,99.4,0.3,0.1,0,0.1,0.1,96.8,60.4,32.6,0.3,3.2,0.1,0.2,0,0,3.2,1.2,2,95.5,2.2,2.3,64.5,29.5,5.9,3.3,0.5,1,0,0.9,93.9,0,0,0.1,0.2,100,98.9,88.2,10.7,0.9,0.2,0.7,0.2,85.3,33.3,91,17.4,14.9,5,74,15.5,39.6,45.6,20,24.8,1.4,98,1.6,0.2,0.1,0.1,0.2,2032.824147,9951.139046,7.617181311,46,9.205442301,7.646169811,8.297598618,1.57456642,3.818316262,0.9972377261,1.806696791,-5.620037751,-5.191863764,25,"p25","Najafgarh",2033,1,0,0,0,0,0,0,0,0,0,0,0,1,0,0,0,0,0,0,0,0,0,0,0,0,0,0,1,0,0,0,0,0,0,0,0,0,0,0,1,0,0,0,0,0,0,0,0,0,0,0,0,0,0,46
"Narela","p0",14,2186.177705,4451.976877,19835.79456,8.845033642,113.1611738,2.52270858,14.56423464,0.006785705421,0.02623979706,"North West","Narela",160132,809913,439576,370337,61.49456343,788.3579205,842.486851,109475,59122,50353,13.51688391,828.0794522,851.6795778,155299,83528,71771,19.17477556,569830,333642,236188,81.35338174,87.69575297,73.81244062,255167,220922,34245,240311,209991,30320,29.6712116,14856,10931,3925,1.834271088,7205,5987,1218,8494,6515,1979,6440,5256,1184,233028,203164,29864,554746,218654,336092,68.49451731,100,53.3,41.5,5.2,95.4,50.9,39.3,5.1,4.6,2.4,2.1,0.1,4.1,1,0.9,0.8,7.6,33.8,9.3,42.3,0.2,1.9,0.5,3.2,0.1,1.7,3.4,0.3,84.6,4.1,0.1,6.7,0.2,6.4,13.6,66.1,6.7,0.3,2,38.3,27.4,16.6,8.7,3.5,3.5,4,6.6,11.2,22.6,21.6,27.8,6.2,71.3,25,3.7,12,70,13.8,3.4,0.6,0.1,58.1,10,0.1,0.1,10.1,11.6,0,0.1,3.8,6,63.9,26.6,9.5,97.8,1.6,0.1,0.1,0.2,0.2,74.9,25.2,44.2,0.9,2.8,0.3,1.4,0,0,25.1,15.2,9.8,72.1,8,19.9,25.2,68,6.8,9.1,0.8,1.5,0.2,8.8,79.2,0,0.1,0.2,0.2,100,96.6,61.7,35,3.1,0.6,2.6,0.2,67.4,23.9,80.4,7.1,9.3,3.6,70.3,8.2,36.3,32.4,12.2,11.9,6.4,92.4,3.8,3.5,1.2,2.3,0.3,2699.274743,13652.34747,7.900738402,32.3,9.521666762,8.401103518,9.895243391,2.179856131,4.728813119,0.9253331578,2.678568841,-4.992937023,-3.640478049,0,"p0","Narela",2699,1,0,0,0,0,0,0,0,0,0,0,0,0,1,0,0,0,0,0,0,0,0,0,0,0,0,0,1,0,0,0,0,0,0,0,0,0,0,0,0,1,0,0,0,0,0,0,0,0,0,0,0,0,0,113
"Paharganj","p13",15,74.38580591,25.09569007,174.4659639,0.2509569007,2.013773998,0.03000189747,0.1448023729,5.01e-05,0.0002364869613,"Central","Pahar Ganj",36018,174613,92984,81629,-11.72690966,808.0195966,877.8822163,19196,10192,9004,10.9934541,874.1307915,883.4379906,53615,27807,25808,30.70504487,130916,72787,58129,84.23531531,87.91549908,80.03993115,62406,53147,9259,58097,50204,7893,33.27186407,4309,2943,1366,2.467742952,105,69,36,165,132,33,3180,2730,450,58956,50216,8740,112207,39837,72370,64.26039298,100,51.3,45.6,3.1,95.3,49.6,42.9,2.8,4.7,1.8,2.7,0.2,0.5,1.2,0.8,1,8.3,47,2.8,38.4,0.1,0,0.3,1.4,0.3,1.9,5.5,0.3,85.5,4.8,0.1,0.9,0.3,2.8,9.5,74.5,11.6,0.3,2.2,37.7,30.9,16.1,8.1,2.2,2.7,4.2,7.8,12.8,23.2,20,25.6,6.5,68.9,26.3,4.9,15.8,66.5,13.6,3.4,0.6,0.1,93.7,3.8,0.2,0,1.5,0.6,0,0,0,0.2,90.2,9,0.8,98.9,0.9,0,0,0,0,87.7,86.5,0.6,0.2,0.3,0,0,0,0.1,12.3,11.6,0.7,84.6,4.1,11.4,92.5,6.8,0.6,2.6,0.2,0.3,0.1,6.9,89.1,0.1,0.1,0,0.6,100,98.1,78.6,19.4,1.3,0.5,0.9,0.6,77.7,32.8,89.3,15.7,10.4,5.2,67.2,16.5,16.2,32.5,17.6,19.2,2.9,97.2,1.5,1,0.8,0.3,0.2,426.0038251,2065.239767,6.054448325,29.2,7.633001608,3.222696121,5.161729673,-1.382474065,0.7000105725,-3.50649465,-1.932385412,-9.901065359,-8.349617483,13,"p13","Paharganj",426,1,0,0,0,0,0,0,0,0,0,0,0,0,0,1,0,0,0,0,0,0,0,0,0,0,0,0,1,0,0,0,0,0,0,0,0,0,0,0,0,0,1,0,0,0,0,0,0,0,0,0,0,0,0,2
"Parliament Street","p17",16,181.2791571,0,39.72226754,0,0.9346415891,0,0.05892136351,0,5.06e-05,"New Delhi","Parliament Street",11320,52394,28729,23665,-11.39484543,815.9818193,823.7321174,4394,2345,2049,8.386456464,871.3105077,873.7739872,12616,6676,5940,24.07909303,43032,24678,18354,89.65,93.53395998,84.90932642,20997,16807,4190,20185,16223,3962,38.52540367,812,584,228,1.549795778,40,27,13,96,73,23,267,220,47,20594,16487,4107,31397,11922,19475,59.92480055,100,77.4,18.5,4.1,98.6,76.7,17.8,4,1.4,0.6,0.7,0.1,0.8,1.1,0,0,3.4,2.6,8.8,83.2,0,0,0.3,2.8,0.1,0.6,0.3,0.1,90.7,4.6,0.3,1.6,0,0.8,1.7,78.3,17.2,0.3,1.2,19.8,54.1,19.1,4.2,0.7,0.9,4.6,6.6,13.5,27.7,20.2,23,4.3,8.3,77.5,14.2,12.9,72.3,12.2,2.2,0.3,0,95.7,1.4,0.1,0,1.7,0.8,0,0,0,0.1,88.9,9.3,1.8,99.4,0.5,0,0,0,0.1,88.9,87.5,1.1,0.3,0,0,0,0,0,11.1,11,0.1,90.1,2.6,7.2,93,5.8,1.2,2.2,0.2,0,0.1,4.4,92.8,0,0,0,0.2,100,99.2,89.1,10.1,0.5,0.3,0.2,0.2,93,36,92.8,24.1,21,6.6,66.7,22.2,34.8,43.3,22.5,30.3,1.3,96.1,2.2,1.4,1.1,0.3,0.3,3459.922074,16014.05982,8.149001346,24.9,9.681222354,-Inf,3.681911926,-Inf,-0.06759215038,-Inf,-2.831551546,-Inf,-9.891489097,17,"p17","Parliament Street",3460,1,0,0,0,0,0,0,0,0,0,0,0,0,0,0,1,0,0,0,0,0,0,0,0,0,0,0,1,0,0,0,0,0,0,0,0,0,0,0,0,0,0,1,0,0,0,0,0,0,0,0,0,0,0,1
"Patel Nagar","p4",17,983.1544499,207.1475344,862.037808,1.334770036,11.89669734,0.2531540555,0.9705417175,0.0003673428512,0.001102760892,"West","Patel Nagar",267062,1262158,670390,591768,18.53775406,835.9421339,882.7219976,141905,75675,66230,11.24304564,867.8842873,875.1899571,157422,83498,73924,12.47244798,985305,546466,438839,87.95379258,91.88703833,83.50281045,430177,360932,69245,410551,347024,63527,32.52770255,19626,13908,5718,1.554955877,747,539,208,1415,1165,250,14117,11856,2261,413898,347372,66526,831981,309458,522523,65.91734157,100,68.8,28.9,2.2,95.9,66.4,27.4,2.2,4.1,2.5,1.5,0.1,0.6,0.5,0.3,0.7,3.3,18.6,5.9,69.8,0.2,0.1,0.1,2.5,0.1,1.1,3.4,0.1,86.3,6.3,0.1,1.4,0,2.1,17.3,58.9,19.7,0.5,1,26.5,30.4,24.4,11.2,2.9,3.5,3.5,8.1,13.8,25.8,20.5,23.3,5,74.4,23.8,1.8,12.3,69,14.7,3.4,0.6,0.1,80,5.5,0,0,3.5,7.9,0,0,0.6,2.5,81.6,12.9,5.4,99.4,0.4,0.1,0,0,0,91.9,67.2,20.4,0.6,3.2,0.1,0.4,0,0,8.1,6.7,1.4,89.6,2.5,7.9,72.1,23.9,4,2.8,0.1,0.3,0.2,3.8,92.4,0,0.1,0.1,0.2,100,98.6,83.7,14.9,1.2,0.2,1,0.2,80.9,33.7,90.4,19.4,12.7,5.5,67.3,19.5,28.8,42.9,23,25.7,2.7,96.4,2.7,0.6,0.4,0.2,0.3,778.9472078,3681.371554,6.657943274,42.1,8.211040667,5.333431266,6.75929913,0.2887590197,2.476260827,-1.37375706,-0.02990089176,-7.909214947,-6.809938342,4,"p4","Patel Nagar",779,1,0,0,0,0,0,0,0,0,0,0,0,0,0,0,0,1,0,0,0,0,0,0,0,0,0,0,1,0,0,0,0,0,0,0,0,0,0,0,0,0,0,0,1,0,0,0,0,0,0,0,0,0,0,12
"Preet Vihar","p20",18,2147.702875,1121.760882,3862.58852,14.73446661,56.81006606,1.464499981,5.073312461,0.002060358735,0.005733317574,"East","Preet Vihar",228414,1066098,568086,498012,20.5190207,834.0558932,876.6489581,125276,66794,58482,11.75088969,878.5022409,875.5576848,195540,102967,92573,18.34165339,835392,467168,368224,88.79384198,93.19278983,83.77676154,363268,301413,61855,345447,288795,56652,32.40293106,17821,12618,5203,1.671609927,762,540,222,2071,1487,584,10636,8929,1707,349799,290457,59342,702830,266673,436157,65.92545901,100,75.6,22.6,1.8,96.8,73.5,21.6,1.7,3.2,2.1,1,0.1,1.1,0.5,0.1,0.4,3.5,10.9,2.2,81.2,0.1,0.6,0.1,1.1,0,0.7,3.1,0.3,86.9,7.2,0.1,1.4,0,1.3,13.1,58.1,25.6,0.4,0.8,32.8,28.5,20.8,11.2,2.8,3,4.2,9.1,15,25.3,18.8,22.7,5,64.6,32.6,2.8,12.9,70.4,13.1,3,0.5,0.1,91,2.3,0,0,1,4.6,0,0,0.4,0.6,91.4,7.5,1.1,99.6,0.3,0,0,0,0,93.8,73.3,18.8,0.6,0.4,0.1,0.6,0,0,6.2,4.8,1.4,92.1,2.1,5.8,63.2,35.7,1.2,2.1,0.1,0.5,0,3.8,92.9,0,0.1,0,0.3,100,98.9,82.4,16.5,0.8,0.1,0.6,0.3,86,44,89.9,24.3,13,6.3,64.5,22.2,28.6,41,24.4,29.1,2,97.4,1.4,1,0.3,0.6,0.2,2014.54545,9402.676172,7.608148866,37.9,9.148749627,7.022654946,8.259092839,2.690189417,4.039713529,0.3815138743,1.62399395,-6.184875168,-5.161460933,20,"p20","Preet Vihar",2015,1,0,0,0,0,0,0,0,0,0,0,0,0,0,0,0,0,1,0,0,0,0,0,0,0,0,0,1,0,0,0,0,0,0,0,0,0,0,0,0,0,0,0,0,1,0,0,0,0,0,0,0,0,0,57
"Punjabi Bagh","p3",19,861.5911195,164.3655449,725.357781,1.609620676,12.77134705,0.208757673,0.939375213,0.0003119639474,0.0009263504309,"West","Punjabi Bagh",162007,799453,426618,372835,34.5490868,830.9426008,873.9317141,98558,52796,45762,12.32817939,842.7801563,866.7702099,163698,86233,77465,20.47625064,596550,337041,259509,85.11260603,90.16082521,79.34283784,264170,225680,38490,254652,219232,35420,31.85327968,9518,6448,3070,1.190564048,1930,1614,316,2549,2060,489,8723,7230,1493,250968,214776,36192,535283,200938,334345,66.95615627,100,65.3,31.1,3.6,95.8,63,29.5,3.3,4.2,2.3,1.6,0.3,1.2,1.3,0.3,0.4,3.3,27.7,6.4,59.2,0.1,0.4,0.9,2.4,0,0.9,4.4,0.2,84.2,6.6,0.1,3.3,0.1,2.4,16,63,14.9,0.4,1.6,30.4,28,21.1,11.7,3.3,3.8,3,7,12.4,24.4,21.6,25.7,5.8,71.8,25.7,2.5,11.2,69.2,15,3.8,0.6,0.1,80.2,4.1,0,0,6.6,5.6,0,0,0.3,3.2,76,19.2,4.9,99.1,0.7,0,0,0.1,0.1,89.9,60.3,26.9,0.3,2,0.1,0.1,0,0,10.1,6.4,3.7,87.6,3.3,9.1,60.9,33.8,5.2,4.1,0.3,0.5,0.4,4.3,90,0.1,0,0,0.2,100,97.6,77.8,19.8,2.2,0.3,1.9,0.2,73.3,30.8,88,17.5,9.5,3.7,66.2,20,32.9,37.2,22.9,22.7,3.3,95.5,2.6,1.8,0.6,1.2,0.2,1077.725794,5318.2339,6.982608354,40,8.578896554,5.10209288,6.586665024,0.4759985465,2.54720415,-1.566581159,-0.06254029174,-8.07262293,-6.98425796,3,"p3","Punjabi Bagh",1078,1,0,0,0,0,0,0,0,0,0,0,0,0,0,0,0,0,0,1,0,0,0,0,0,0,0,0,1,0,0,0,0,0,0,0,0,0,0,0,0,0,0,0,0,0,1,0,0,0,0,0,0,0,0,13
"Rajouri Garden","p5",20,128.1944221,17.72461435,131.1971859,0.5889770225,3.165790195,0.01762714621,0.09038838742,2.78e-05,0.000140112885,"West","Rajouri Garden",104152,481632,259232,222400,2.482961425,817.2864617,857.9187755,47958,25617,22341,9.957394857,862.1368471,872.1161729,55352,30367,24985,11.49259185,379324,210426,168898,87.46754475,90.07383944,84.42409489,179973,145986,33987,174418,142006,32412,36.21395588,5555,3980,1575,1.153370208,275,213,62,394,301,93,6182,5503,679,173122,139969,33153,301659,113246,188413,62.63267391,100,71.5,25.3,3.2,96.3,69.3,24,3,3.7,2.2,1.3,0.2,1.3,1.3,0.2,0.7,4.1,8.8,4.6,79,0,0.3,0.3,3,0.4,1,3.8,0.1,85.8,5.2,0.1,1.5,0,1,25,49.1,22.7,0.7,1.5,25.8,24.5,28.4,12.4,3,4.4,4.4,9.2,14.9,26.2,19.3,21.3,4.6,71.8,18.9,9.3,14.4,66.3,15.4,3.3,0.5,0.1,91.6,3.2,0,0,1.6,2.6,0,0,0.8,0.1,85.5,12.2,2.3,99.5,0.4,0,0,0,0.1,84.9,83.9,0.4,0.2,0.1,0,0.1,0,0.1,15.1,12.9,2.2,84.9,1.7,13.4,87.8,9.9,2.4,2.3,0.1,0,0.1,8.8,88.3,0,0,0,0.3,100,98.4,79.6,18.9,1.3,0.1,1.2,0.3,81.2,35.6,89.1,30.4,12.6,5.9,52.7,31.4,22.4,46,37.2,37.6,3.7,95.5,2.3,2.1,1.6,0.5,0.1,266.1667458,1230.839754,5.584122976,48.2,7.115451943,2.874954315,4.876701428,-0.5293681071,1.152402691,-4.038315167,-2.403639478,-10.49071607,-8.873062139,5,"p5","Rajouri Garden",266,1,0,0,0,0,0,0,0,0,0,0,0,0,0,0,0,0,0,0,1,0,0,0,0,0,0,0,1,0,0,0,0,0,0,0,0,0,0,0,0,0,0,0,0,0,0,1,0,0,0,0,0,0,0,3
"Sadar Bazaar","p7",21,80.50523814,22.16397321,150.7150178,0.2216397321,1.699237946,0.02649702997,0.1228881495,4.43e-05,0.0002045675899,"North","Sadar Bazar",25576,130188,69837,60351,-2.075263075,840.2751824,864.1694231,15109,7953,7156,11.60552432,932.387975,899.7862442,27892,14546,13346,21.42440163,94172,52174,41998,81.8324803,84.30935298,78.95102923,44953,40574,4379,42796,38914,3882,32.87246136,2157,1660,497,1.656834731,78,60,18,339,243,96,2456,2199,257,42080,38072,4008,85235,29263,55972,65.47070391,100,50.3,44.3,5.4,94.3,47.9,41.4,5,5.7,2.4,2.9,0.4,1.7,1.6,0.2,0.4,7.4,55.1,3.7,29.6,0.3,1.1,0.8,1.6,0.7,2.2,7.1,0.5,80.7,4.9,0.3,2.3,0,2.6,9.3,76.4,8.3,1.1,1.4,45.1,32.9,11.8,5,1.7,2.2,4,7.3,11.1,20.1,19.5,28.6,9.3,74.5,21.1,4.4,16.1,67.2,12.2,3.4,0.9,0.3,93.7,1.7,0.2,0,2.6,1.4,0,0,0.3,0.1,88.6,10.3,1.1,98.9,1,0,0,0,0,87,85.9,0.9,0.1,0,0,0,0,0,13,10.1,2.9,83.3,3.5,13.2,90.1,7.3,2.7,1.8,0.3,0.8,0,7,88.8,0,0,0,1.1,100,97.4,78.4,19,1.5,0.5,1.1,1.1,64.8,24.5,86.2,7.7,9.4,4.5,74.2,9.6,11.6,31.3,9.1,10.6,4.2,94.5,2.1,2.7,0.9,1.8,0.6,618.3767946,3147.686821,6.427097972,20.6,8.05442312,3.098468142,5.015390754,-1.506702044,0.5301798836,-3.630722629,-2.096480691,-10.02529334,-8.494612124,7,"p7","Sadar Bazaar",618,1,0,0,0,0,0,0,0,0,0,0,0,0,0,0,0,0,0,0,0,1,0,0,0,0,0,0,1,0,0,0,0,0,0,0,0,0,0,0,0,0,0,0,0,0,0,0,1,0,0,0,0,0,0,2
"Saraswati Vihar","p1",22,1380.64982,693.6860113,2743.341366,4.708241158,31.92492448,0.5787585473,2.121068941,0.00122203217,0.003675545843,"North West","Saraswati Vihar",455011,2250816,1202149,1048667,24.89046915,832.2758267,872.3269744,270717,144679,126038,12.02750469,858.1664867,871.1561457,434589,230582,204007,19.30806428,1696468,959242,737226,85.67591822,90.71103672,79.90492386,732316,629154,103162,700787,605930,94857,31.13479734,31529,23224,8305,1.400780872,3922,3441,481,4054,3397,657,23829,20595,3234,700511,601721,98790,1518500,572995,945505,67.46442179,100,65.3,31.8,2.9,96.8,63.4,30.5,2.8,3.2,1.9,1.3,0.1,1,0.8,0.2,0.8,5.4,25.6,4.5,61.5,0.2,0.3,0.2,1.9,0.1,1.2,3.3,0.1,86.5,6,0.1,2.1,0.1,3.2,17.1,62.2,14.8,0.4,1.2,29.3,30.1,22,11,2.8,3.6,2.9,6.9,12.2,24.3,21.3,26.4,6,73.1,23.9,3,10.8,69.6,15.3,3.6,0.6,0.1,74.5,5.3,0.1,0,5.5,2.5,0,0,2.6,9.5,72,15.9,12.1,99,0.7,0.1,0,0.1,0.1,90.3,63.4,23,0.8,2.7,0.2,0.2,0,0,9.7,5.7,3.9,86.3,4.3,9.4,62.8,30.1,7.1,3.4,0.3,0.4,0.1,6.3,89.1,0.1,0.1,0.1,0.2,100,98.6,78.9,19.7,1.2,0.3,0.9,0.2,75.2,33.5,88.6,18.4,10.8,5.2,64.3,20.2,33.2,38.4,23.8,24.2,3.1,96.4,2.3,1.1,0.6,0.5,0.3,613.3996824,3034.321851,6.419016734,39.4,8.017743236,6.542019425,7.916931933,1.549314411,3.463387036,-0.5468699052,0.7519201789,-6.707240093,-5.606053629,1,"p1","Saraswati Vihar",613,1,0,0,0,0,0,0,0,0,0,0,0,0,0,0,0,0,0,0,0,0,1,0,0,0,0,0,1,0,0,0,0,0,0,0,0,0,0,0,0,0,0,0,0,0,0,0,0,1,0,0,0,0,0,32
"Seelampur","p9",23,1226.479916,114.9406841,1705.02369,2.484280814,27.68313944,0.2285502252,2.765600081,0.0002103726378,0.002225660274,"North East","Seelam Pur",245151,1378779,732925,645854,49.84692297,840.4082751,881.2006686,192839,102618,90221,13.98621534,875.7740882,879.1927342,175443,92879,82564,12.7245193,979645,558753,420892,82.60493786,88.64775419,75.75000045,395547,362219,33328,372510,345389,27121,27.01738277,23037,16830,6207,1.670826144,1515,1313,202,1627,1437,190,20398,16805,3593,372007,342664,29343,983232,370706,612526,71.31179108,100,61,37.1,1.9,93,56.8,34.4,1.8,7,4.2,2.7,0.1,0.5,0.2,0.2,0.6,3.5,41.9,1.2,51.7,0.1,0.1,0.1,0.7,0.1,1,4.5,0.1,90.6,2.5,0.4,1.5,0,3.5,7.6,80.2,6.9,0.2,0.8,35.3,31.7,16.5,9.1,3.2,3.3,1.6,4.6,9.4,19.2,20.9,34.2,10.1,73.9,24.9,1.2,7.2,71.6,15.5,4.4,1,0.2,71.5,6.3,0.1,0,16.2,4.8,0,0,0.5,0.6,71.5,20.7,7.8,99.2,0.4,0,0,0.1,0.1,97.8,21.2,61.7,2.5,1,0.2,11.2,0.1,0,2.2,1.5,0.7,91.7,4.6,3.8,19,78.9,2,1.8,0.2,1.2,0.1,4.3,91.8,0,0.2,0.1,0.2,100,99.2,80.7,18.6,0.5,0.2,0.3,0.2,66.2,24.7,87.9,5.3,8.9,3.9,80.6,6.6,37.9,37.1,7.2,9.7,2.2,98.1,1.2,0.3,0.1,0.2,0.5,889.5406121,5002.957017,6.790705163,32.2,8.51778442,4.744416205,7.441334284,0.9099832067,3.320823543,-1.475999289,1.017257639,-8.466630134,-6.107701655,9,"p9","Seelampur",890,1,0,0,0,0,0,0,0,0,0,0,0,0,0,0,0,0,0,0,0,0,0,1,0,0,0,0,1,0,0,0,0,0,0,0,0,0,0,0,0,0,0,0,0,0,0,0,0,0,1,0,0,0,0,28
"Seemapuri","p11",24,237.7962608,47.85680849,468.1372114,0.8601060169,7.646708048,0.06098514136,0.5779656869,9.38e-05,0.0006292500041,"North East","Seema Puri",102728,539914,286091,253823,1.925567382,856.0536514,887.2107127,69733,36926,32807,12.91557544,882.0167777,888.4525808,160899,84682,76217,29.80085717,387379,220185,167194,82.38933517,88.36915297,75.64791689,166141,143640,22501,154321,134848,19473,28.58251499,11820,8792,3028,2.189237545,553,446,107,613,508,105,4930,3942,988,160045,138744,21301,373773,142451,231322,69.22824746,100,62.1,35.7,2.2,95.2,59.2,33.8,2.1,4.8,2.8,1.9,0.1,1.3,0.8,0.1,0.6,2.9,38.9,2.3,53,0.1,0.2,0.2,1.2,0,1.2,4.6,0.1,88.9,3.4,0.2,1.6,0,3,9.7,75.1,10.2,0.3,0.7,36.1,34.7,18.5,6.8,1.5,1.6,2.5,5.9,11.3,21.3,20.7,30.9,7.3,75.9,22.3,1.7,9.5,72,14.4,3.3,0.7,0.1,78.5,3.9,0,0,6.1,10.2,0,0,0.2,1.1,79.6,15.9,4.5,99.1,0.6,0.1,0.1,0.1,0.1,87.9,48.9,30.8,1.7,0.8,0,5.7,0,0,12.1,11.3,0.7,83.5,5.7,10.8,36.6,62.4,1,3.2,0.2,1.1,0.2,8.7,86.2,0,0,0,0.3,100,98.7,75,23.7,1.1,0.2,0.9,0.3,72,28.3,88,9.6,9.8,4.3,71.1,11.2,36.1,34.7,10.6,13.6,3.3,96.6,2.4,0.6,0.3,0.3,0.4,440.433589,2314.814469,6.087759671,28.5,7.74708482,3.868213396,6.14876144,-0.1506996219,2.034275235,-2.797125029,-0.5482407773,-9.273919589,-7.370981917,11,"p11","Seemapuri",440,1,0,0,0,0,0,0,0,0,0,0,0,0,0,0,0,0,0,0,0,0,0,0,1,0,0,0,1,0,0,0,0,0,0,0,0,0,0,0,0,0,0,0,0,0,0,0,0,0,0,1,0,0,0,8
"Shahdara","p26",25,115.1480682,37.83598258,295.5764523,0.6171597398,4.585402445,0.04423712915,0.3072556172,7.55e-05,0.000406072856,"North East","Shahdara",58246,322931,169409,153522,1.479784553,863.9667766,906.221039,39375,21039,18336,12.19300717,862.28482,871.524312,37416,19498,17918,11.58637604,244564,133543,111021,86.24892437,90.00673991,82.12462829,99698,88494,11204,95612,85791,9821,29.60756323,4086,2703,1383,1.265285773,167,127,40,166,144,22,5410,4889,521,93955,83334,10621,223233,80915,142318,69.127151,100,68.7,29.2,2.1,90.9,63.3,25.6,2,9.1,5.5,3.6,0.1,0.4,0.6,0.1,0.5,2.4,25.3,1,69.6,0.1,0.1,0.2,1,0,0.7,2.9,0,91.1,3.6,0.3,0.8,0,1.5,19.6,65.3,12.3,0.4,0.9,26.1,31.6,20.3,11.6,4.4,5.1,1.7,4.8,10.3,22.1,20.1,29.9,11.2,80,18.3,1.7,8.4,67.1,17.6,5.4,1.2,0.3,94.8,2.1,0,0,2.1,1,0,0,0,0.1,93.8,5.3,0.9,99.3,0.3,0.3,0,0,0,97,52.6,21.3,3.5,0.1,0.1,19.2,0.2,0.1,3,2.8,0.2,92.4,3.1,4.5,35.5,64,0.5,1.2,0.2,0.3,0.2,6.4,91.4,0,0,0,0.3,100,99.2,86.4,12.9,0.5,0.2,0.3,0.3,79.1,25.1,91.9,14.2,14,5.9,71.3,16.4,30,52.2,17.2,22.6,1.8,97.8,1.3,0.5,0.2,0.3,0.4,356.571739,1976.926626,5.876535451,41.4,7.589298709,3.63326057,5.688927525,-0.4826273911,1.522877876,-3.118190817,-1.180075249,-9.491542973,-7.808977966,26,"p26","Shahdara",357,1,0,0,0,0,0,0,0,0,0,0,0,0,0,0,0,0,0,0,0,0,0,0,0,1,0,0,1,0,0,0,0,0,0,0,0,0,0,0,0,0,0,0,0,0,0,0,0,0,0,0,1,0,0,5
"Vasant Vihar","p24",26,1118.729625,3069.832802,3272.157407,5.370028796,9.623428069,3.863613904,4.192642415,0.006156485747,0.006381499677,"South West","Vasant Vihar",151591,641666,356156,285510,19.65955733,796.1340327,801.6431002,69932,37344,32588,10.89850483,859.4885169,872.6435304,92912,50384,42528,14.47980725,504654,294885,209769,88.26727114,92.49495,82.93821811,252376,204455,47921,239086,195414,43672,37.26019456,13290,9041,4249,2.071170983,999,775,224,2192,1738,454,4915,3962,953,244270,197980,46290,389290,151701,237589,60.66863446,100,64.9,32,3.1,97.7,63.7,31.1,2.9,2.3,1.1,1,0.2,1.1,1.1,0.5,0.8,3.5,12.8,14.9,65.1,0.2,0.2,0.5,3.8,0.2,1.2,4.1,0.2,84,5.7,0.2,2.8,0.1,1.8,10.4,66.1,18.4,0.5,2.6,41.2,23.8,15.4,10.6,3.5,2.8,7,11.7,16.4,26.3,17.9,17.9,2.8,39.4,56.8,3.8,19.2,68,10.3,2.1,0.3,0.1,71.2,8.1,0.2,0,2.3,15.1,0,0,0.6,2.5,82.1,13.8,4.1,99.2,0.7,0,0,0.1,0,85.7,61.3,20.4,0.7,2,0.1,1.1,0,0.1,14.3,7.9,6.4,83.3,6.3,10.4,63.3,33.2,3.5,4.6,0.3,0.4,0.1,3.6,90.6,0,0.1,0,0.3,100,97.5,67.6,29.9,2.1,0.4,1.7,0.3,78,41.2,82.1,26.9,11.5,5.4,60.8,23.3,30.5,31.8,28.5,30.6,4.2,94.5,3.6,1.5,1.1,0.5,0.4,1743.476552,7379.921137,7.463636417,32.4,8.906518232,8.029378377,8.093204804,1.680833271,2.264200549,1.35160299,1.433331183,-5.09024916,-5.05435215,24,"p24","Vasant Vihar",1743,1,0,0,0,0,0,0,0,0,0,0,0,0,0,0,0,0,0,0,0,0,0,0,0,0,1,0,1,0,0,0,0,0,0,0,0,0,0,0,0,0,0,0,0,0,0,0,0,0,0,0,0,1,0,10
"Vivek Vihar","p10",27,484.6179784,487.3172815,1754.507304,6.81315981,25.58163448,0.6047120248,1.688169879,0.0009250712633,0.002677436202,"East","Vivek Vihar",50134,247906,130769,117137,18.0195663,874.4199743,895.7551102,25737,13747,11990,10.3817576,836.3800028,872.1902961,48421,25309,23112,19.53200003,199028,108657,90371,89.58405538,92.85177146,85.94729284,85214,70943,14271,82342,68887,13455,33.21500891,2872,2056,816,1.158503626,162,114,48,190,148,42,2541,2182,359,82321,68499,13822,162692,59826,102866,65.62648746,100,69.5,28.8,1.7,95.3,66.6,27.1,1.7,4.7,2.9,1.7,0,0.9,0.5,0.3,0.3,2.6,17.1,2.9,75.4,0.1,0.1,0.1,0.8,0,1,2.8,0.1,89.2,5.8,0.1,0.6,0,1.9,25.2,54.8,17.2,0.3,0.7,24.5,26.9,22.4,14.5,4.6,6.3,2.8,6.6,12.3,25.7,20.9,25.3,6.3,77.5,20.2,2.3,10.4,67,17.3,4.3,0.8,0.2,94.5,2.5,0,0,1.9,0.8,0,0,0.2,0.1,88.4,9.8,1.8,99.6,0.3,0,0,0,0,88.6,80.1,2.8,0.9,0.1,0.3,4.4,0,0,11.4,9.1,2.3,87.7,3.4,9,65,34.6,0.4,1.7,0.1,0.2,0.1,8,89.7,0,0,0,0.2,100,99,83,16,0.8,0.1,0.7,0.2,84.5,37.3,92,26.3,12.3,7.3,55.9,29.4,31.6,50,31.5,33.9,2.1,97.8,1.7,0.4,0.2,0.2,0.2,1954.845701,9666.453472,7.578066544,47.9,9.176416765,6.188915413,7.469943358,1.918856008,3.241874691,-0.5030029264,0.5236450305,-6.985639782,-5.922895583,10,"p10","Vivek Vihar",1955,1,0,0,0,0,0,0,0,0,0,0,0,0,0,0,0,0,0,0,0,0,0,0,0,0,0,1,1,0,0,0,0,0,0,0,0,0,0,0,0,0,0,0,0,0,0,0,0,0,0,0,0,0,1,26
